Codon	Gallus gallus	Mus musculus	Oryctolagus cuniculus	Danio rerio	Homo sapiens
AAA	9	8	4	8	6
AAC	9	16	15	9	12
AAG	17	20	22	18	17
AAT	8	5	2	7	3
ACA	4	2	0	6	1
ACC	9	10	15	7	12
ACG	1	1	2	1	0
ACT	6	8	4	8	7
AGA	2	1	0	1	0
AGC	4	4	2	4	4
AGG	2	4	3	2	2
AGT	0	1	1	2	0
ATC	15	14	14	12	16
ATG	10	11	10	10	9
ATT	4	8	6	10	2
CAA	1	0	0	0	1
CAC	4	4	10	4	4
CAG	4	6	6	4	6
CAT	6	2	1	4	6
CCA	3	2	1	4	0
CCC	8	11	9	5	8
CCT	1	5	1	3	3
CGA	0	1	1	0	1
CGC	1	2	4	1	1
CGG	0	1	0	0	0
CGT	6	5	2	7	3
CTA	1	0	0	0	1
CTC	1	8	7	3	8
CTG	11	8	9	8	5
CTT	4	1	0	4	1
GAA	0	2	2	2	3
GAC	10	13	13	9	10
GAG	12	13	11	12	10
GAT	11	6	7	12	7
GCA	6	3	2	9	1
GCC	9	21	21	12	15
GCG	2	0	0	0	1
GCT	17	7	10	13	11
GGA	6	3	3	4	3
GGC	9	14	17	6	15
GGG	8	8	10	5	7
GGT	9	10	2	16	2
GTA	1	1	0	4	0
GTC	16	15	15	15	12
GTG	12	16	19	6	13
GTT	8	3	1	11	1
KCC	0	0	1	0	0
TAA	0	1	1	0	1
TAC	4	6	5	6	4
TAG	0	0	0	1	0
TAT	5	5	4	5	4
TCA	2	3	1	1	1
TCC	8	10	10	6	10
TCG	1	0	1	0	1
TCT	4	5	4	6	4
TGA	1	0	0	0	0
TGC	3	5	4	3	3
TGG	3	3	3	3	3
TGT	1	0	0	1	0
TTA	0	3	1	0	1
TTC	8	8	9	8	7
TTG	2	2	1	2	1
TTT	5	5	5	4	4
